{
    "loss": 0.6178004741668701,
    "accuracy": 0.8461538553237915
}